disease,cohort,model,residualized,n_rows,n_lines,n_drugs,n_pcs,spearman,spearman_lo,spearman_hi,pearson,rmse,r2,rank_k,rank_n_lines_scored,rank_topk_hit_rate@3,rank_kendall_tau,rank_spearman_per_line,rank_ndcg@3,n_features,perm_mean,perm_sd,perm_p,perm_z,n_perm
BLCA,both,mean,False,13002,25,660,24,-0.1260104733491736,-0.16183355058948964,-0.09018739610885754,-0.11130021676150367,0.917803287836571,-0.0071919418175767635,,,,,,,,,,,,
BLCA,both,drugmean,False,13002,25,660,24,0.11409676371518632,0.10777728956823544,0.12041623786213719,0.09159890543934532,0.9308176574303986,-0.035959231759979726,3.0,25.0,0.0,0.08251279596763124,0.12270061157589102,0.4604516980787314,,,,,,
BLCA,both,enet_resid,True,13002,25,660,24,-0.040118645302673006,-0.06855631377632006,-0.011680976829025958,-0.047267424558454584,0.936854504648504,-0.013038825556298938,,,,,,,,,,,,
BLCA,both,enet_expr,False,13002,25,660,24,-0.10480457888100528,-0.140180100728219,-0.06942905703379157,-0.06878674107639533,0.9211174362823888,-0.014492966944389219,,,,,,,,,,,,
BLCA,both,enet_pathwaypcs,True,13002,25,660,24,0.03376639996341968,-0.016337543078651796,0.08387034300549115,0.011328607258824935,0.9324590004037526,-0.0035514249852079518,,,,,,,24.0,,,,,
BLCA,both,enet_pathway,True,13002,25,660,24,-0.02066768880695753,-0.05978035124938447,0.018444973635469406,-0.02578667610840459,0.9381941334269701,-0.0159411647152329,,,,,,,1809.0,0.0013,0.0095,0.9901,-2.301,100.0
BLCA,both,enet_pcs_pathway,True,13002,25,660,24,-0.007701354461254686,-0.027362634588517176,0.011959925666007806,-0.01582652098509079,0.9381311400201525,-0.01580505675950339,,,,,,,1833.0,0.0009,0.0097,0.802,-0.887,100.0
BRCA,both,mean,False,25102,49,667,48,-0.09722252262486078,-0.12469271120031929,-0.06975233404940227,-0.1065939290715344,1.0024737195288997,-0.0069203325430892805,,,,,,,,,,,,
BRCA,both,drugmean,False,25102,49,667,48,0.1763280572511432,0.16772596212210766,0.18493015238017874,0.16609150803978376,0.9926023206072468,0.012809678737089714,3.0,49.0,0.047619047619047616,0.1382692301013686,0.20068044634352022,0.5210134565027786,,,,,,
BRCA,both,enet_resid,True,25102,49,667,48,0.008457344888727033,-0.005736113786270045,0.022650803563724113,0.0002682430912827768,0.9951010632483619,-0.005041809467688107,,,,,,,,,,,,
BRCA,both,enet_expr,False,25102,49,667,48,-0.045179410608449364,-0.07566902746156276,-0.01468979375533597,-0.02811471530314032,1.0041822992759837,-0.01036297979924341,,,,,,,,,,,,
BRCA,both,enet_pathwaypcs,True,25102,49,667,48,0.02103107213454087,-0.014452236164311995,0.056514380433393734,0.015980963129330315,0.993962887708447,-0.0027576821707791187,,,,,,,48.0,,,,,
BRCA,both,enet_pathway,True,25102,49,667,48,0.07693339254221045,0.05560658739440562,0.09826019769001527,0.07237786674758921,0.9904353762895788,0.004350922907670229,,,,,,,1809.0,-0.0006,0.0078,0.0099,9.905,100.0
BRCA,both,enet_pcs_pathway,True,25102,49,667,48,0.0721945487364909,0.05831839274303259,0.0860707047299492,0.06896408353292297,0.9909725890905328,0.00326568557946878,,,,,,,1857.0,-0.0004,0.008,0.0099,9.087,100.0
COAD/READ,both,mean,False,26320,49,673,48,-0.07661436808993782,-0.1068986418141908,-0.046330094365684846,-0.08201737136790721,0.9907005146477301,-0.004517387687038177,,,,,,,,,,,,
COAD/READ,both,drugmean,False,26320,49,673,48,0.16335592932605786,0.15313353927618495,0.17357831937593077,0.16897222080713736,0.9812407846057806,0.014569384180072632,3.0,49.0,0.05442176870748299,0.13254776507839483,0.19598503418671487,0.5915821430360115,,,,,,
COAD/READ,both,enet_resid,True,26320,49,673,48,-0.011822225385696222,-0.07531479485341722,0.051670344082024776,-0.012095266847483762,0.9831136588430585,-0.0038441876206181556,,,,,,,,,,,,
COAD/READ,both,enet_expr,False,26320,49,673,48,-0.0896358848555731,-0.11522323240560431,-0.06404853730554189,-0.09507381085277708,0.9926514971262883,-0.0084865181460811,,,,,,,,,,,,
COAD/READ,both,enet_pathwaypcs,True,26320,49,673,48,-0.025419231879616595,-0.05314372720764417,0.0023052634484109803,-0.018532623432520306,0.9830091423484439,-0.0036078457135714894,,,,,,,48.0,,,,,
COAD/READ,both,enet_pathway,True,26320,49,673,48,-0.03570486837078305,-0.09032408017340769,0.01891434343184159,-0.02218657806172085,0.9855739240902835,-0.008862571701116994,,,,,,,1809.0,-0.0001,0.0071,1.0,-5.045,100.0
COAD/READ,both,enet_pcs_pathway,True,26320,49,673,48,-0.005312451189675651,-0.044589532016335816,0.03396462963698451,-0.023801418446844656,0.9848079426686258,-0.007314525947886974,,,,,,,1857.0,0.0007,0.0072,0.7624,-0.828,100.0
DLBC,both,mean,False,6109,26,285,25,-0.10930386519430577,-0.12773006053588037,-0.09087766985273117,-0.10730190038418266,1.3887363970528357,-0.006660897385499931,,,,,,,,,,,,
DLBC,both,drugmean,False,6109,26,285,25,0.5109727723485495,0.5048340695397602,0.5171114751573389,0.434356862098881,1.2524952058082883,0.1811438669342927,3.0,26.0,0.01282051282051282,0.372135672359294,0.528901238056702,0.4368463539050889,,,,,,
DLBC,both,enet_resid,True,6109,26,285,25,0.029526011282712383,-0.024375221258101824,0.08342724382352659,0.016090116055666,1.2543467933374106,-0.0029549298881564657,,,,,,,,,,,,
DLBC,both,enet_expr,False,6109,26,285,25,-0.04134348848959429,-0.09702744113643803,0.014340464157249447,-0.03642978071057766,1.3911958593811193,-0.010234114812559092,,,,,,,,,,,,
DLBC,both,enet_pathwaypcs,True,6109,26,285,25,-0.01874276618478521,-0.10002755869209909,0.06254202632252867,-0.03556338371872071,1.2553255466903785,-0.004534593542865473,,,,,,,25.0,,,,,
DLBC,both,enet_pathway,True,6109,26,285,25,-0.0005538374695609416,-0.05819061234368295,0.05708293740456107,-0.030623920143673534,1.260367808787247,-0.01263482472410451,,,,,,,1809.0,-0.001,0.0149,0.505,0.031,100.0
DLBC,both,enet_pcs_pathway,True,6109,26,285,25,-0.0004144337859804725,-0.05954154277924312,0.05871267520728217,-0.019493650586723286,1.2595092843372964,-0.01128032985008629,,,,,,,1834.0,-0.001,0.0154,0.4356,0.038,100.0
ESCA,both,mean,False,15479,25,663,24,-0.1150038226848141,-0.15679746966076435,-0.07321017570886384,-0.11550176137596105,0.8376189093855194,-0.008257394555198961,,,,,,,,,,,,
ESCA,both,drugmean,False,15479,25,663,24,0.1826983987438627,0.1655469411872066,0.19984985630051882,0.20404803800335794,0.8256010123699422,0.02044066420839665,3.0,25.0,0.06666666666666667,0.14434360222971152,0.21160608076429044,0.6164743763989791,,,,,,
ESCA,both,enet_resid,True,15479,25,663,24,0.008298851289500853,-0.01763759617526622,0.03423529875426792,-0.0015564520498609637,0.8266586098239982,-0.002582620815617176,,,,,,,,,,,,
ESCA,both,enet_expr,False,15479,25,663,24,-0.08525370006882309,-0.14102465430984434,-0.029482745827801818,-0.07066584512293059,0.8398753956159514,-0.01370316875724229,,,,,,,,,,,,
ESCA,both,enet_pathwaypcs,True,15479,25,663,24,-0.05309357823715562,-0.12269399654702853,0.0165068400727173,-0.05186712513197324,0.8319218266458558,-0.015383458807392447,,,,,,,24.0,,,,,
ESCA,both,enet_pathway,True,15479,25,663,24,-0.05458574339464388,-0.0961106533663021,-0.013060833422985654,-0.08007485841501867,0.828066733357707,-0.005985567518319046,,,,,,,1809.0,-0.0004,0.0095,1.0,-5.67,100.0
ESCA,both,enet_pcs_pathway,True,15479,25,663,24,-0.046835585634913135,-0.08458665619275665,-0.009084515077069609,-0.07773112965807923,0.8280296310092753,-0.005896199339104413,,,,,,,1833.0,-0.0006,0.0089,1.0,-5.177,100.0
GBM,both,mean,False,17745,33,665,32,-0.06689978054998366,-0.08787441269934325,-0.045925148400624075,-0.06720572701384409,0.9281815516177142,-0.0027290060739773025,,,,,,,,,,,,
GBM,both,drugmean,False,17745,33,665,32,0.1705246518170829,0.16501607839113122,0.17603322524303458,0.13781215250580497,0.9287526359609902,-0.00396737393448332,3.0,33.0,0.0,0.12170452165828098,0.18055377366155662,0.48754058468917,,,,,,
GBM,both,enet_resid,True,17745,33,665,32,-0.05231644880105638,-0.08867013773169558,-0.01596275987041719,-0.03870656978740321,0.9336649131632111,-0.010637237715742742,,,,,,,,,,,,
GBM,both,enet_expr,False,17745,33,665,32,-0.058396791646737424,-0.09064706060867977,-0.02614652268479508,-0.04598334921824606,0.9319729243247812,-0.010944382413618437,,,,,,,,,,,,
GBM,both,enet_pathwaypcs,True,17745,33,665,32,0.02420886971274245,-0.008964865364832979,0.05738260479031788,0.03874782892904998,0.92848306977069,0.0005708290072218069,,,,,,,32.0,,,,,
GBM,both,enet_pathway,True,17745,33,665,32,0.018529367453579894,-0.003564025219120904,0.04062276012628069,0.02308237763961702,0.9329768348489846,-0.009117674671663778,,,,,,,1809.0,-0.0016,0.01,0.0396,2.02,100.0
GBM,both,enet_pcs_pathway,True,17745,33,665,32,0.020505432383687485,-0.0006981021571575187,0.04170896692453249,0.027784448337636204,0.9309525801734972,-0.004747117659313948,,,,,,,1841.0,-0.0017,0.0098,0.0198,2.261,100.0
HNSC,both,mean,False,16791,33,661,32,-0.0766759635497038,-0.10764587313899392,-0.045706053960413676,-0.08168963330195317,0.8769366619300435,-0.00408208916442927,,,,,,,,,,,,
HNSC,both,drugmean,False,16791,33,661,32,0.22941743598392805,0.22393696887580555,0.23489790309205055,0.23513496413204735,0.8574198893483231,0.040111322934028346,3.0,33.0,0.0101010101010101,0.17197661771291964,0.2517283449089155,0.6071605968248037,,,,,,
HNSC,both,enet_resid,True,16791,33,661,32,0.024332887935008627,-0.007253354066765371,0.05591912993678262,0.03201057111366163,0.8576577889062553,-0.0005594615470859044,,,,,,,,,,,,
HNSC,both,enet_expr,False,16791,33,661,32,-0.04978111253451741,-0.08550625286583322,-0.014055972203201608,-0.031337738862073826,0.878724389798033,-0.008186748129788679,,,,,,,,,,,,
HNSC,both,enet_pathwaypcs,True,16791,33,661,32,-0.034510061324758555,-0.07235288528803172,0.0033327626385146053,-0.04148125630237763,0.8592963684424889,-0.004387736270362774,,,,,,,32.0,,,,,
HNSC,both,enet_pathway,True,16791,33,661,32,-0.004321700238905032,-0.026803603347525042,0.018160202869714977,-0.015664364487430603,0.8605847573550772,-0.00743003509122353,,,,,,,1809.0,-0.0008,0.0091,0.6733,-0.383,100.0
HNSC,both,enet_pcs_pathway,True,16791,33,661,32,-0.0029508535385579446,-0.031693893601844006,0.025792186524728113,-0.017844421247906486,0.8593740479715766,-0.004571000480920784,,,,,,,1841.0,-0.0004,0.0097,0.6337,-0.265,100.0
LUAD,both,mean,False,37968,69,678,50,-0.05534322669831708,-0.07156836349068071,-0.03911808990595345,-0.057996196185090956,0.9410279113465305,-0.0021123027285015806,,,,,,,,,,,,
LUAD,both,drugmean,False,37968,69,678,50,0.16630609519035727,0.16275720607637964,0.1698549843043349,0.15971661148315813,0.931863286727177,0.01731001945871837,3.0,69.0,0.00966183574879227,0.12324411934217482,0.18153105207690515,0.4735030804037204,,,,,,
LUAD,both,enet_resid,True,37968,69,678,50,-0.030878172722733754,-0.0643873114044093,0.0026309659589417965,-0.035388525123465596,0.9333362626237024,-0.003168696212973776,,,,,,,,,,,,
LUAD,both,enet_expr,False,37968,69,678,50,-0.0596640240049686,-0.07924723821795855,-0.040080809791978644,-0.05343160770573317,0.9425096200590086,-0.00527080368776005,,,,,,,,,,,,
LUAD,both,enet_pathwaypcs,True,37968,69,678,50,0.01404815708982079,-0.03716159914531811,0.06525791332495968,0.010929548601178962,0.9326395029829794,-0.0016685634777937608,,,,,,,50.0,,,,,
LUAD,both,enet_pathway,True,37968,69,678,50,0.013267488452411236,0.00013638653571999837,0.026398590369102474,0.01646202138763053,0.9328295518907822,-0.00207767945304691,,,,,,,1809.0,0.0001,0.0058,0.0297,2.285,100.0
LUAD,both,enet_pcs_pathway,True,37968,69,678,50,0.01289992077532677,0.001848122057034057,0.023951719493619482,0.005806778530475799,0.9325456895772296,-0.00146755353821304,,,,,,,1859.0,-0.0001,0.006,0.0297,2.176,100.0
OV,both,mean,False,20001,38,673,37,-0.08421800214584191,-0.10116983318743453,-0.06726617110424929,-0.08573256363064466,0.8772261020441192,-0.004235687844211622,,,,,,,,,,,,
OV,both,drugmean,False,20001,38,673,37,0.08157789079075098,0.07094613063508082,0.09220965094642114,0.09099737277820666,0.8835658151063063,-0.01881060763777089,3.0,38.0,0.017543859649122806,0.07444152502642792,0.10975991605485345,0.4941654007326331,,,,,,
OV,both,enet_resid,True,20001,38,673,37,0.008026538605152136,-0.03163572147884985,0.04768879868915412,-0.01960319152683329,0.8862757595197456,-0.0061397313336930106,,,,,,,,,,,,
OV,both,enet_expr,False,20001,38,673,37,-0.07956043889259383,-0.09690451810051702,-0.06221635968467064,-0.06827612051181245,0.8795483580271185,-0.009570374655849178,,,,,,,,,,,,
OV,both,enet_pathwaypcs,True,20001,38,673,37,-0.015084715203813853,-0.05444307296625386,0.02427364255862615,-0.048326811433446956,0.8872245274458379,-0.00829768234190693,,,,,,,37.0,,,,,
OV,both,enet_pathway,True,20001,38,673,37,0.015142997302699851,-0.03925526992210286,0.06954126452750256,0.009564556020991525,0.8856595576790728,-0.004742033114150867,,,,,,,1809.0,-0.0011,0.0079,0.0297,2.056,100.0
OV,both,enet_pcs_pathway,True,20001,38,673,37,0.009432896933287858,-0.05387293938646119,0.07273873325303691,0.007429432264990996,0.8863907633677961,-0.006402799260088044,,,,,,,1846.0,-0.0008,0.0077,0.1188,1.336,100.0
PAAD,both,mean,False,21423,37,664,36,-0.06986230119216166,-0.09207816457196576,-0.04764643781235757,-0.07173041360983978,0.8761749522709399,-0.0030632955937438754,,,,,,,,,,,,
PAAD,both,drugmean,False,21423,37,664,36,0.2236707318035608,0.2179650347652711,0.22937642884185053,0.21393173490640746,0.8604983165761017,0.03250737565232389,3.0,37.0,0.036036036036036036,0.15966482555003836,0.23376584440014578,0.5578475927094348,,,,,,
PAAD,both,enet_resid,True,21423,37,664,36,-0.0006870138348512328,-0.03782773646627161,0.03645370879656915,-0.01764289117240208,0.8648751792777489,-0.010233623532460379,,,,,,,,,,,,
PAAD,both,enet_expr,False,21423,37,664,36,-0.030102517383060978,-0.077007577839644,0.01680254307352205,-0.04188978449097465,0.8793709081499393,-0.01039844825048326,,,,,,,,,,,,
PAAD,both,enet_pathwaypcs,True,21423,37,664,36,-0.011655973231969438,-0.06361892896813179,0.04030698250419291,-0.012921866153055756,0.8614995307021079,-0.002332663511798572,,,,,,,36.0,,,,,
PAAD,both,enet_pathway,True,21423,37,664,36,-0.04398261746946329,-0.08063163133863843,-0.00733360360028814,-0.037547461193326526,0.8608631607177297,-0.000850701432698564,,,,,,,1809.0,-0.0006,0.0085,1.0,-5.1,100.0
PAAD,both,enet_pcs_pathway,True,21423,37,664,36,-0.04149750282532525,-0.07196947065035168,-0.011025535000298816,-0.04921110230305836,0.8610052464575289,-0.0011820620980997453,,,,,,,1845.0,-0.0006,0.0089,1.0,-4.612,100.0
SARC,both,mean,False,17546,30,639,29,-0.11490225245011285,-0.14410900184656458,-0.0856955030536611,-0.11627324154183497,0.99207031815045,-0.007966562918750109,,,,,,,,,,,,
SARC,both,drugmean,False,17546,30,639,29,0.2436300005078925,0.23147009658731496,0.25578990442847005,0.20526122883244624,0.9753532344607698,0.025703966148366852,3.0,30.0,0.01111111111111111,0.1641353723411329,0.24188460401293502,0.4802839322643205,,,,,,
SARC,both,enet_resid,True,17546,30,639,29,0.08444604891470889,0.015931020116289635,0.15296107771312814,0.03985995720358852,0.9745160162321376,0.0017180637700355827,,,,,,,,,,,,
SARC,both,enet_expr,False,17546,30,639,29,-0.09805062629376982,-0.1390848943549973,-0.057016358232542336,-0.08851724160853226,0.9951928469603913,-0.014347212133962195,,,,,,,,,,,,
SARC,both,enet_pathwaypcs,True,17546,30,639,29,0.019152779271298374,-0.010500464787040115,0.04880602332963686,0.01935965929208916,0.978025421129632,-0.005520315736653791,,,,,,,29.0,,,,,
SARC,both,enet_pathway,True,17546,30,639,29,0.1925983311600358,0.1746431082402302,0.21055355407984142,0.1661152114504491,0.9622028929297027,0.02676834079364865,,,,,,,1809.0,-0.0011,0.0086,0.0099,22.515,100.0
SARC,both,enet_pcs_pathway,True,17546,30,639,29,0.17940097896459256,0.16566591682875162,0.1931360411004335,0.15577883510084473,0.9640439687455455,0.023036329342190753,,,,,,,1838.0,-0.0012,0.0086,0.0099,20.963,100.0
SCLC,both,mean,False,16223,42,640,41,-0.11047622908562134,-0.14642770900987706,-0.07452474916136563,-0.11087811750456653,1.037771769993057,-0.007932036426595212,,,,,,,,,,,,
SCLC,both,drugmean,False,16223,42,640,41,0.25052534641509566,0.24124704934660218,0.25980364348358914,0.21380631383731258,1.0198285823115607,0.02660683025798798,3.0,42.0,0.031746031746031744,0.18008947282099283,0.26273640145113725,0.5345577931050589,,,,,,
SCLC,both,enet_resid,True,16223,42,640,41,-0.014518553627754938,-0.055599040029810545,0.026561932774300672,-0.05483475739594927,1.027169021561619,-0.01447580921146403,,,,,,,,,,,,
SCLC,both,enet_expr,False,16223,42,640,41,-0.11985704712031109,-0.16071374765972607,-0.07900034658089611,-0.10634521364279641,1.0521640230122848,-0.03612698989592511,,,,,,,,,,,,
SCLC,both,enet_pathwaypcs,True,16223,42,640,41,0.04455312525792714,-0.00871335074004266,0.09781960125589693,0.03471945831155898,1.0217150653294973,-0.0037108911682433464,,,,,,,41.0,,,,,
SCLC,both,enet_pathway,True,16223,42,640,41,0.007125918491672456,-0.026747605050200213,0.04099944203354512,0.009606893457697212,1.0227182961317642,-0.005683173325792312,,,,,,,1809.0,0.0003,0.0106,0.2673,0.643,100.0
SCLC,both,enet_pcs_pathway,True,16223,42,640,41,0.005388291299001753,-0.05667313740423605,0.06744972000223956,0.04111730949177407,1.0209134580642745,-0.002146438537052009,,,,,,,1850.0,-0.0,0.0101,0.3267,0.533,100.0
SKCM,both,mean,False,26630,53,644,50,-0.06730698188756513,-0.07882583173071511,-0.05578813204441516,-0.063798916999021,0.9481491638702257,-0.002311858430221658,,,,,,,,,,,,
SKCM,both,drugmean,False,26630,53,644,50,0.22341143160576604,0.2193797448008442,0.22744311841068787,0.3141563494360966,0.901531074744893,0.09382677114482511,3.0,53.0,0.27044025157232704,0.16368667182241628,0.23806394245352852,0.6916256210261743,,,,,,
SKCM,both,enet_resid,True,26630,53,644,50,-0.011623752225735046,-0.07199596712988761,0.04874846267841751,-0.01602182588465566,0.9023229618712337,-0.0017595880947439912,,,,,,,,,,,,
SKCM,both,enet_expr,False,26630,53,644,50,-0.06964498512630285,-0.10138717570141723,-0.037902794551188466,-0.06419152250443787,0.9495192368695232,-0.0052144746140263985,,,,,,,,,,,,
SKCM,both,enet_pathwaypcs,True,26630,53,644,50,0.01859348854465107,-0.008853419611650887,0.04604039670095303,0.015035737636371827,0.9021944261180339,-0.0014779194489316528,,,,,,,50.0,,,,,
SKCM,both,enet_pathway,True,26630,53,644,50,-0.006867798734865907,-0.021565988120381924,0.00783039065065011,-0.009896142752484956,0.9025570011980649,-0.0022790797351007084,,,,,,,1809.0,0.0005,0.0074,0.8416,-1.004,100.0
SKCM,both,enet_pcs_pathway,True,26630,53,644,50,-0.020739023757537157,-0.035200547474868935,-0.006277500040205376,-0.01759348977789074,0.9026784895425163,-0.002549316136597568,,,,,,,1859.0,0.0006,0.0076,1.0,-2.796,100.0
STAD,both,mean,False,14966,32,662,31,-0.14313158734233444,-0.185635055008443,-0.1006281196762259,-0.14438149664345368,1.0044644742070838,-0.01236781501201869,,,,,,,,,,,,
STAD,both,drugmean,False,14966,32,662,31,-0.005864637034720528,-0.02489362063909325,0.013164346569652194,0.014278087180823648,1.0252718695012286,-0.054759858991025555,3.0,32.0,0.020833333333333332,0.017019431666129386,0.024959615270653965,0.44027778606894125,,,,,,
STAD,both,enet_resid,True,14966,32,662,31,-0.004001991693580422,-0.07236040643794855,0.0643564230507877,-0.01142845830521946,1.033123947741037,-0.01543743154795434,,,,,,,,,,,,
STAD,both,enet_expr,False,14966,32,662,31,-0.09664697959086942,-0.15817838614740817,-0.03511557303433066,-0.08268152274050827,1.0103599217757304,-0.024323372919404986,,,,,,,,,,,,
STAD,both,enet_pathwaypcs,True,14966,32,662,31,-0.022119238196495826,-0.10104401808987662,0.05680554169688496,-0.0016143193702118752,1.0295203097386294,-0.00836666506841166,,,,,,,31.0,,,,,
STAD,both,enet_pathway,True,14966,32,662,31,-0.07563022675635156,-0.12880665486074416,-0.02245379865195897,-0.09182036622359645,1.0376000309173452,-0.024218567402595915,,,,,,,1809.0,0.0004,0.0099,1.0,-7.683,100.0
STAD,both,enet_pcs_pathway,True,14966,32,662,31,-0.07466762831749468,-0.12620799713356584,-0.023127259501423525,-0.09537472267944025,1.0404427192751438,-0.029845262062794652,,,,,,,1840.0,-0.0002,0.0099,1.0,-7.542,100.0
UCEC,both,mean,False,12736,27,660,26,-0.09784624860161886,-0.11755446489541568,-0.07813803230782204,-0.10455878781347616,0.8810949213387463,-0.006479954423456125,,,,,,,,,,,,
UCEC,both,drugmean,False,12736,27,660,26,0.13567225593857019,0.12741269267386152,0.14393181920327885,0.11184462097029538,0.8914562927317942,-0.030297494340643327,3.0,27.0,0.0,0.11059145221792556,0.16169083929059913,0.4609667867187022,,,,,,
UCEC,both,enet_resid,True,12736,27,660,26,-0.028495290146118853,-0.09602791525033466,0.03903733495809696,0.007423386015906008,0.8958150511312988,-0.00983311973635681,,,,,,,,,,,,
UCEC,both,enet_expr,False,12736,27,660,26,-0.060519104122383094,-0.12826174951157587,0.007223541266809672,-0.034387317973895735,0.8879820799856324,-0.022314856356873226,,,,,,,,,,,,
UCEC,both,enet_pathwaypcs,True,12736,27,660,26,-0.018606566588614315,-0.08752959699752814,0.050316463820299515,-0.020541576036563165,0.8938730263352858,-0.0054488754728656994,,,,,,,26.0,,,,,
UCEC,both,enet_pathway,True,12736,27,660,26,-0.011134877084347194,-0.08479805090743976,0.06252829673874537,-0.01617452993511389,0.894506386097409,-0.006882700231275529,,,,,,,1809.0,0.0016,0.0111,0.8911,-1.143,100.0
UCEC,both,enet_pcs_pathway,True,12736,27,660,26,-0.020973810373166108,-0.09821337031238064,0.056265749566048434,-0.014899462425832271,0.8954928886248723,-0.009112938913048697,,,,,,,1835.0,0.0017,0.0106,0.9901,-2.137,100.0
